DriverNumber,BroadcastName,Abbreviation,DriverId,TeamName,TeamColor,TeamId,FirstName,LastName,FullName,HeadshotUrl,CountryCode,Position,ClassifiedPosition,GridPosition,Q1,Q2,Q3,Time,Status,Points,Laps,season,round,circuitName,driverId,driverCode
6.0,N LATIFI,LAT,latifi,Williams,37bedd,williams,Nicholas,Latifi,Nicholas Latifi,https://www.formula1.com/content/dam/fom-website/drivers/N/NICLAF01_Nicholas_Latifi/niclaf01.png.transform/1col/image.png,CAN,20.0,,,0 days 00:01:33.634000,,,,,,,2022,1,,,
22.0,Y TSUNODA,TSU,tsunoda,AlphaTauri,4e7c9b,alphatauri,Yuki,Tsunoda,Yuki Tsunoda,https://www.formula1.com/content/dam/fom-website/drivers/Y/YUKTSU01_Yuki_Tsunoda/yuktsu01.png.transform/1col/image.png,JPN,20.0,,,,,,,,,,2022,2,,,
18.0,L STROLL,STR,stroll,Aston Martin,2d826d,aston_martin,Lance,Stroll,Lance Stroll,https://www.formula1.com/content/dam/fom-website/drivers/L/LANSTR01_Lance_Stroll/lanstr01.png.transform/1col/image.png,CAN,20.0,,,,,,,,,,2022,3,,,
23.0,A ALBON,ALB,albon,Williams,37bedd,williams,Alexander,Albon,Alexander Albon,https://www.formula1.com/content/dam/fom-website/drivers/A/ALEALB01_Alexander_Albon/alealb01.png.transform/1col/image.png,THA,20.0,,,,,,,,,,2022,4,,,
31.0,E OCON,OCO,ocon,Alpine,2293d1,alpine,Esteban,Ocon,Esteban Ocon,https://www.formula1.com/content/dam/fom-website/drivers/E/ESTOCO01_Esteban_Ocon/estoco01.png.transform/1col/image.png,FRA,20.0,,,,,,,,,,2022,5,,,
6.0,N LATIFI,LAT,latifi,Williams,37bedd,williams,Nicholas,Latifi,Nicholas Latifi,https://www.formula1.com/content/dam/fom-website/drivers/N/NICLAF01_Nicholas_Latifi/niclaf01.png.transform/1col/image.png,CAN,20.0,,,0 days 00:01:21.915000,,,,,,,2022,6,,,
24.0,G ZHOU,ZHO,zhou,Alfa Romeo,b12039,alfa,Guanyu,Zhou,Guanyu Zhou,https://www.formula1.com/content/dam/fom-website/drivers/G/GUAZHO01_Guanyu_Zhou/guazho01.png.transform/1col/image.png,CHN,20.0,,,0 days 00:01:15.606000,,,,,,,2022,7,,,
47.0,M SCHUMACHER,MSC,mick_schumacher,Haas F1 Team,b6babd,haas,Mick,Schumacher,Mick Schumacher,https://www.formula1.com/content/dam/fom-website/drivers/M/MICSCH02_Mick_Schumacher/micsch02.png.transform/1col/image.png,GER,20.0,,,0 days 00:01:45.775000,,,,,,,2022,8,,,
22.0,Y TSUNODA,TSU,tsunoda,AlphaTauri,4e7c9b,alphatauri,Yuki,Tsunoda,Yuki Tsunoda,https://www.formula1.com/content/dam/fom-website/drivers/Y/YUKTSU01_Yuki_Tsunoda/yuktsu01.png.transform/1col/image.png,JPN,20.0,,,0 days 00:01:36.575000,,,,,,,2022,9,,,
18.0,L STROLL,STR,stroll,Aston Martin,2d826d,aston_martin,Lance,Stroll,Lance Stroll,https://www.formula1.com/content/dam/fom-website/drivers/L/LANSTR01_Lance_Stroll/lanstr01.png.transform/1col/image.png,CAN,20.0,,,0 days 00:01:43.430000,,,,,,,2022,10,,,
5.0,S VETTEL,VET,vettel,Aston Martin,2d826d,aston_martin,Sebastian,Vettel,Sebastian Vettel,https://www.formula1.com/content/dam/fom-website/drivers/S/SEBVET01_Sebastian_Vettel/sebvet01.png.transform/1col/image.png,GER,20.0,,,0 days 00:01:07.083000,,,,,,,2022,11,,,
6.0,N LATIFI,LAT,latifi,Williams,37bedd,williams,Nicholas,Latifi,Nicholas Latifi,https://www.formula1.com/content/dam/fom-website/drivers/N/NICLAF01_Nicholas_Latifi/niclaf01.png.transform/1col/image.png,CAN,20.0,,,0 days 00:01:33.794000,,,,,,,2022,12,,,
6.0,N LATIFI,LAT,latifi,Williams,37bedd,williams,Nicholas,Latifi,Nicholas Latifi,https://www.formula1.com/content/dam/fom-website/drivers/N/NICLAF01_Nicholas_Latifi/niclaf01.png.transform/1col/image.png,CAN,20.0,,,0 days 00:01:19.570000,,,,,,,2022,13,,,
77.0,V BOTTAS,BOT,bottas,Alfa Romeo,b12039,alfa,Valtteri,Bottas,Valtteri Bottas,https://www.formula1.com/content/dam/fom-website/drivers/V/VALBOT01_Valtteri_Bottas/valbot01.png.transform/1col/image.png,FIN,20.0,,,0 days 00:01:47.866000,,,,,,,2022,14,,,
6.0,N LATIFI,LAT,latifi,Williams,37bedd,williams,Nicholas,Latifi,Nicholas Latifi,https://www.formula1.com/content/dam/fom-website/drivers/N/NICLAF01_Nicholas_Latifi/niclaf01.png.transform/1col/image.png,CAN,20.0,,,0 days 00:01:13.353000,,,,,,,2022,15,,,
47.0,M SCHUMACHER,MSC,mick_schumacher,Haas F1 Team,b6babd,haas,Mick,Schumacher,Mick Schumacher,https://www.formula1.com/content/dam/fom-website/drivers/M/MICSCH02_Mick_Schumacher/micsch02.png.transform/1col/image.png,GER,20.0,,,0 days 00:01:23.005000,,,,,,,2022,16,,,
6.0,N LATIFI,LAT,latifi,Williams,37bedd,williams,Nicholas,Latifi,Nicholas Latifi,https://www.formula1.com/content/dam/fom-website/drivers/N/NICLAF01_Nicholas_Latifi/niclaf01.png.transform/1col/image.png,CAN,20.0,,,0 days 00:01:57.532000,,,,,,,2022,17,,,
6.0,N LATIFI,LAT,latifi,Williams,37bedd,williams,Nicholas,Latifi,Nicholas Latifi,https://www.formula1.com/content/dam/fom-website/drivers/N/NICLAF01_Nicholas_Latifi/niclaf01.png.transform/1col/image.png,CAN,20.0,,,0 days 00:01:31.511000,,,,,,,2022,18,,,
6.0,N LATIFI,LAT,latifi,Williams,37bedd,williams,Nicholas,Latifi,Nicholas Latifi,https://www.formula1.com/content/dam/fom-website/drivers/N/NICLAF01_Nicholas_Latifi/niclaf01.png.transform/1col/image.png,CAN,20.0,,,0 days 00:01:37.244000,,,,,,,2022,19,,,
6.0,N LATIFI,LAT,latifi,Williams,37bedd,williams,Nicholas,Latifi,Nicholas Latifi,https://www.formula1.com/content/dam/fom-website/drivers/N/NICLAF01_Nicholas_Latifi/niclaf01.png.transform/1col/image.png,CAN,20.0,,,0 days 00:01:21.167000,,,,,,,2022,20,,,
47.0,M SCHUMACHER,MSC,mick_schumacher,Haas F1 Team,b6babd,haas,Mick,Schumacher,Mick Schumacher,https://www.formula1.com/content/dam/fom-website/drivers/M/MICSCH02_Mick_Schumacher/micsch02.png.transform/1col/image.png,GER,20.0,,,0 days 00:01:16.361000,,,,,,,2022,21,,,
6.0,N LATIFI,LAT,latifi,Williams,37bedd,williams,Nicholas,Latifi,Nicholas Latifi,https://www.formula1.com/content/dam/fom-website/drivers/N/NICLAF01_Nicholas_Latifi/niclaf01.png.transform/1col/image.png,CAN,20.0,,,0 days 00:01:26.054000,,,,,,,2022,22,,,
10.0,P GASLY,GAS,gasly,Alpine,2293D1,alpine,Pierre,Gasly,Pierre Gasly,https://www.formula1.com/content/dam/fom-website/drivers/P/PIEGAS01_Pierre_Gasly/piegas01.png.transform/1col/image.png,FRA,20.0,,,0 days 00:01:32.181000,,,,,,,2023,1,,,
2.0,L SARGEANT,SAR,sargeant,Williams,37BEDD,williams,Logan,Sargeant,Logan Sargeant,https://www.formula1.com/content/dam/fom-website/drivers/L/LOGSAR01_Logan_Sargeant/logsar01.png.transform/1col/image.png,USA,20.0,,,0 days 00:02:08.510000,,,,,,,2023,2,,,
11.0,S PEREZ,PER,perez,Red Bull Racing,3671C6,red_bull,Sergio,Perez,Sergio Perez,https://www.formula1.com/content/dam/fom-website/drivers/S/SERPER01_Sergio_Perez/serper01.png.transform/1col/image.png,MEX,20.0,,,,,,,,,,2023,3,,,
21.0,N DE VRIES,DEV,de_vries,AlphaTauri,5E8FAA,alphatauri,Nyck,De Vries,Nyck De Vries,https://www.formula1.com/content/dam/fom-website/drivers/N/NYCDEV01_Nyck_De%20Vries/nycdev01.png.transform/1col/image.png,NED,20.0,,,0 days 00:01:55.282000,,,,,,,2023,4,,,
2.0,L SARGEANT,SAR,sargeant,Williams,37BEDD,williams,Logan,Sargeant,Logan Sargeant,https://www.formula1.com/content/dam/fom-website/drivers/L/LOGSAR01_Logan_Sargeant/logsar01.png.transform/1col/image.png,USA,20.0,,,0 days 00:01:28.577000,,,,,,,2023,5,,,
11.0,S PEREZ,PER,perez,Red Bull Racing,3671C6,red_bull,Sergio,Perez,Sergio Perez,https://www.formula1.com/content/dam/fom-website/drivers/S/SERPER01_Sergio_Perez/serper01.png.transform/1col/image.png,MEX,20.0,,,0 days 00:01:13.850000,,,,,,,2023,6,,,
2.0,L SARGEANT,SAR,sargeant,Williams,37BEDD,williams,Logan,Sargeant,Logan Sargeant,https://www.formula1.com/content/dam/fom-website/drivers/L/LOGSAR01_Logan_Sargeant/logsar01.png.transform/1col/image.png,USA,20.0,,,0 days 00:01:14.699000,,,,,,,2023,7,,,
24.0,G ZHOU,ZHO,zhou,Alfa Romeo,C92D4B,alfa,Guanyu,Zhou,Guanyu Zhou,https://www.formula1.com/content/dam/fom-website/drivers/G/GUAZHO01_Guanyu_Zhou/guazho01.png.transform/1col/image.png,CHN,20.0,,,0 days 00:01:23.342000,,,,,,,2023,8,,,
21.0,N DE VRIES,DEV,de_vries,AlphaTauri,5E8FAA,alphatauri,Nyck,De Vries,Nyck De Vries,https://www.formula1.com/content/dam/fom-website/drivers/N/NYCDEV01_Nyck_De%20Vries/nycdev01.png.transform/1col/image.png,NED,20.0,,,0 days 00:01:05.974000,,,,,,,2023,9,,,
20.0,K MAGNUSSEN,MAG,kevin_magnussen,Haas F1 Team,B6BABD,haas,Kevin,Magnussen,Kevin Magnussen,https://www.formula1.com/content/dam/fom-website/drivers/K/KEVMAG01_Kevin_Magnussen/kevmag01.png.transform/1col/image.png,DEN,19.0,,,0 days 00:01:32.378000,,,,,,,2023,10,,,
2.0,L SARGEANT,SAR,sargeant,Williams,37BEDD,williams,Logan,Sargeant,Logan Sargeant,https://www.formula1.com/content/dam/fom-website/drivers/L/LOGSAR01_Logan_Sargeant/logsar01.png.transform/1col/image.png,USA,20.0,,,0 days 00:01:19.248000,,,,,,,2023,11,,,
27.0,N HULKENBERG,HUL,hulkenberg,Haas F1 Team,B6BABD,haas,Nico,Hulkenberg,Nico Hulkenberg,https://www.formula1.com/content/dam/fom-website/drivers/N/NICHUL01_Nico_Hulkenberg/nichul01.png.transform/1col/image.png,GER,20.0,,,0 days 00:02:03.166000,,,,,,,2023,12,,,
40.0,L LAWSON,LAW,lawson,AlphaTauri,5E8FAA,alphatauri,Liam,Lawson,Liam Lawson,,NZL,20.0,,,0 days 00:01:23.420000,,,,,,,2023,13,,,
18.0,L STROLL,STR,stroll,Aston Martin,358C75,aston_martin,Lance,Stroll,Lance Stroll,https://www.formula1.com/content/dam/fom-website/drivers/L/LANSTR01_Lance_Stroll/lanstr01.png.transform/1col/image.png,CAN,20.0,,,0 days 00:01:22.860000,,,,,,,2023,14,,,
18.0,L STROLL,STR,stroll,Aston Martin,358C75,aston_martin,Lance,Stroll,Lance Stroll,https://www.formula1.com/content/dam/fom-website/drivers/L/LANSTR01_Lance_Stroll/lanstr01.png.transform/1col/image.png,CAN,20.0,,,0 days 00:01:33.397000,,,,,,,2023,15,,,
2.0,L SARGEANT,SAR,sargeant,Williams,37BEDD,williams,Logan,Sargeant,Logan Sargeant,https://www.formula1.com/content/dam/fom-website/drivers/L/LOGSAR01_Logan_Sargeant/logsar01.png.transform/1col/image.png,USA,20.0,,,,,,,,,,2023,16,,,
24.0,G ZHOU,ZHO,zhou,Alfa Romeo,C92D4B,alfa,Guanyu,Zhou,Guanyu Zhou,https://www.formula1.com/content/dam/fom-website/drivers/G/GUAZHO01_Guanyu_Zhou/guazho01.png.transform/1col/image.png,CHN,20.0,,,0 days 00:01:27.432000,,,,,,,2023,17,,,
2.0,L SARGEANT,SAR,sargeant,Williams,37BEDD,williams,Logan,Sargeant,Logan Sargeant,https://www.formula1.com/content/dam/fom-website/drivers/L/LOGSAR01_Logan_Sargeant/logsar01.png.transform/1col/image.png,USA,20.0,,,0 days 00:01:36.827000,,,,,,,2023,18,,,
2.0,L SARGEANT,SAR,sargeant,Williams,37BEDD,williams,Logan,Sargeant,Logan Sargeant,https://www.formula1.com/content/dam/fom-website/drivers/L/LOGSAR01_Logan_Sargeant/logsar01.png.transform/1col/image.png,USA,20.0,,,,,,,,,,2023,19,,,
24.0,G ZHOU,ZHO,zhou,Alfa Romeo,C92D4B,alfa,Guanyu,Zhou,Guanyu Zhou,https://www.formula1.com/content/dam/fom-website/drivers/G/GUAZHO01_Guanyu_Zhou/guazho01.png.transform/1col/image.png,CHN,20.0,,,0 days 00:01:11.275000,,,,,,,2023,20,,,
22.0,Y TSUNODA,TSU,tsunoda,AlphaTauri,5E8FAA,alphatauri,Yuki,Tsunoda,Yuki Tsunoda,https://www.formula1.com/content/dam/fom-website/drivers/Y/YUKTSU01_Yuki_Tsunoda/yuktsu01.png.transform/1col/image.png,JPN,20.0,,,0 days 00:01:36.447000,,,,,,,2023,21,,,
2.0,L SARGEANT,SAR,sargeant,Williams,37BEDD,williams,Logan,Sargeant,Logan Sargeant,https://www.formula1.com/content/dam/fom-website/drivers/L/LOGSAR01_Logan_Sargeant/logsar01.png.transform/1col/image.png,USA,20.0,,,,,,,,,,2023,22,,,
10.0,P GASLY,GAS,gasly,Alpine,ff87bc,alpine,Pierre,Gasly,Pierre Gasly,https://media.formula1.com/d_driver_fallback_image.png/content/dam/fom-website/drivers/P/PIEGAS01_Pierre_Gasly/piegas01.png.transform/1col/image.png,FRA,20.0,,,0 days 00:01:30.948000,,,,,,,2024,1,,,
24.0,G ZHOU,ZHO,zhou,Kick Sauber,52e252,sauber,Guanyu,Zhou,Guanyu Zhou,https://media.formula1.com/d_driver_fallback_image.png/content/dam/fom-website/drivers/G/GUAZHO01_Guanyu_Zhou/guazho01.png.transform/1col/image.png,CHN,20.0,,,,,,,,,,2024,2,,,
24.0,G ZHOU,ZHO,zhou,Kick Sauber,52e252,sauber,Guanyu,Zhou,Guanyu Zhou,https://media.formula1.com/d_driver_fallback_image.png/content/dam/fom-website/drivers/G/GUAZHO01_Guanyu_Zhou/guazho01.png.transform/1col/image.png,CHN,19.0,,,0 days 00:01:18.188000,,,,,,,2024,3,,,
24.0,G ZHOU,ZHO,zhou,Kick Sauber,52e252,sauber,Guanyu,Zhou,Guanyu Zhou,https://media.formula1.com/d_driver_fallback_image.png/content/dam/fom-website/drivers/G/GUAZHO01_Guanyu_Zhou/guazho01.png.transform/1col/image.png,CHN,20.0,,,0 days 00:01:30.143000,,,,,,,2024,4,,,
2.0,L SARGEANT,SAR,sargeant,Williams,64C4FF,williams,Logan,Sargeant,Logan Sargeant,https://media.formula1.com/d_driver_fallback_image.png/content/dam/fom-website/drivers/L/LOGSAR01_Logan_Sargeant/logsar01.png.transform/1col/image.png,USA,20.0,,,0 days 00:01:36.358000,,,,,,,2024,5,,,
24.0,G ZHOU,ZHO,zhou,Kick Sauber,52e252,sauber,Guanyu,Zhou,Guanyu Zhou,https://media.formula1.com/d_driver_fallback_image.png/content/dam/fom-website/drivers/G/GUAZHO01_Guanyu_Zhou/guazho01.png.transform/1col/image.png,CHN,20.0,,,0 days 00:01:28.824000,,,,,,,2024,6,,,
2.0,L SARGEANT,SAR,sargeant,Williams,64C4FF,williams,Logan,Sargeant,Logan Sargeant,https://media.formula1.com/d_driver_fallback_image.png/content/dam/fom-website/drivers/L/LOGSAR01_Logan_Sargeant/logsar01.png.transform/1col/image.png,USA,20.0,,,,,,,,,,2024,7,,,
24.0,G ZHOU,ZHO,zhou,Kick Sauber,52e252,sauber,Guanyu,Zhou,Guanyu Zhou,https://media.formula1.com/d_driver_fallback_image.png/content/dam/fom-website/drivers/G/GUAZHO01_Guanyu_Zhou/guazho01.png.transform/1col/image.png,CHN,18.0,,,0 days 00:01:13.028000,,,,,,,2024,8,,,
24.0,G ZHOU,ZHO,zhou,Kick Sauber,52e252,sauber,Guanyu,Zhou,Guanyu Zhou,https://media.formula1.com/d_driver_fallback_image.png/content/dam/fom-website/drivers/G/GUAZHO01_Guanyu_Zhou/guazho01.png.transform/1col/image.png,CHN,20.0,,,0 days 00:01:14.292000,,,,,,,2024,9,,,
2.0,L SARGEANT,SAR,sargeant,Williams,64C4FF,williams,Logan,Sargeant,Logan Sargeant,https://media.formula1.com/d_driver_fallback_image.png/content/dam/fom-website/drivers/L/LOGSAR01_Logan_Sargeant/logsar01.png.transform/1col/image.png,USA,20.0,,,0 days 00:01:13.509000,,,,,,,2024,10,,,
24.0,G ZHOU,ZHO,zhou,Kick Sauber,52e252,sauber,Guanyu,Zhou,Guanyu Zhou,https://media.formula1.com/d_driver_fallback_image.png/content/dam/fom-website/drivers/G/GUAZHO01_Guanyu_Zhou/guazho01.png.transform/1col/image.png,CHN,20.0,,,0 days 00:01:06.061000,,,,,,,2024,11,,,
10.0,P GASLY,GAS,gasly,Alpine,0093cc,alpine,Pierre,Gasly,Pierre Gasly,https://media.formula1.com/d_driver_fallback_image.png/content/dam/fom-website/drivers/P/PIEGAS01_Pierre_Gasly/piegas01.png.transform/1col/image.png,FRA,20.0,,,0 days 00:01:39.804000,,,,,,,2024,12,,,
10.0,P GASLY,GAS,gasly,Alpine,0093cc,alpine,Pierre,Gasly,Pierre Gasly,https://media.formula1.com/d_driver_fallback_image.png/content/dam/fom-website/drivers/P/PIEGAS01_Pierre_Gasly/piegas01.png.transform/1col/image.png,FRA,20.0,,,0 days 00:01:18.166000,,,,,,,2024,13,,,
24.0,G ZHOU,ZHO,zhou,Kick Sauber,52e252,sauber,Guanyu,Zhou,Guanyu Zhou,https://media.formula1.com/d_driver_fallback_image.png/content/dam/fom-website/drivers/G/GUAZHO01_Guanyu_Zhou/guazho01.png.transform/1col/image.png,CHN,20.0,,,0 days 00:01:57.775000,,,,,,,2024,14,,,
2.0,L SARGEANT,SAR,sargeant,Williams,64C4FF,williams,Logan,Sargeant,Logan Sargeant,https://media.formula1.com/d_driver_fallback_image.png/content/dam/fom-website/drivers/L/LOGSAR01_Logan_Sargeant/logsar01.png.transform/1col/image.png,USA,20.0,,,,,,,,,,2024,15,,,
24.0,G ZHOU,ZHO,zhou,Kick Sauber,52e252,sauber,Guanyu,Zhou,Guanyu Zhou,https://media.formula1.com/d_driver_fallback_image.png/content/dam/fom-website/drivers/G/GUAZHO01_Guanyu_Zhou/guazho01.png.transform/1col/image.png,CHN,20.0,,,0 days 00:01:21.445000,,,,,,,2024,16,,,
31.0,E OCON,OCO,ocon,Alpine,0093cc,alpine,Esteban,Ocon,Esteban Ocon,https://media.formula1.com/d_driver_fallback_image.png/content/dam/fom-website/drivers/E/ESTOCO01_Esteban_Ocon/estoco01.png.transform/1col/image.png,FRA,19.0,,,0 days 00:01:44.504000,,,,,,,2024,17,,,
24.0,G ZHOU,ZHO,zhou,Kick Sauber,52e252,sauber,Guanyu,Zhou,Guanyu Zhou,https://media.formula1.com/d_driver_fallback_image.png/content/dam/fom-website/drivers/G/GUAZHO01_Guanyu_Zhou/guazho01.png.transform/1col/image.png,CHN,20.0,,,0 days 00:01:32.054000,,,,,,,2024,18,,,
24.0,G ZHOU,ZHO,zhou,Kick Sauber,52e252,sauber,Guanyu,Zhou,Guanyu Zhou,https://media.formula1.com/d_driver_fallback_image.png/content/dam/fom-website/drivers/G/GUAZHO01_Guanyu_Zhou/guazho01.png.transform/1col/image.png,CHN,20.0,,,0 days 00:01:34.228000,,,,,,,2024,19,,,
24.0,G ZHOU,ZHO,zhou,Kick Sauber,52e252,sauber,Guanyu,Zhou,Guanyu Zhou,https://media.formula1.com/d_driver_fallback_image.png/content/dam/fom-website/drivers/G/GUAZHO01_Guanyu_Zhou/guazho01.png.transform/1col/image.png,CHN,20.0,,,0 days 00:01:18.072000,,,,,,,2024,20,,,
24.0,G ZHOU,ZHO,zhou,Kick Sauber,52e252,sauber,Guanyu,Zhou,Guanyu Zhou,https://media.formula1.com/d_driver_fallback_image.png/content/dam/fom-website/drivers/G/GUAZHO01_Guanyu_Zhou/guazho01.png.transform/1col/image.png,CHN,20.0,,,0 days 00:01:32.263000,,,,,,,2024,21,,,
18.0,L STROLL,STR,stroll,Aston Martin,229971,aston_martin,Lance,Stroll,Lance Stroll,https://media.formula1.com/d_driver_fallback_image.png/content/dam/fom-website/drivers/L/LANSTR01_Lance_Stroll/lanstr01.png.transform/1col/image.png,CAN,20.0,,,0 days 00:01:34.484000,,,,,,,2024,22,,,
31.0,E OCON,OCO,ocon,Alpine,0093cc,alpine,Esteban,Ocon,Esteban Ocon,https://media.formula1.com/d_driver_fallback_image.png/content/dam/fom-website/drivers/E/ESTOCO01_Esteban_Ocon/estoco01.png.transform/1col/image.png,FRA,20.0,,,0 days 00:01:22.714000,,,,,,,2024,23,,,
61.0,J DOOHAN,DOO,doohan,Alpine,0093cc,alpine,Jack,Doohan,Jack Doohan,,AUS,20.0,,,0 days 00:01:24.105000,,,,,,,2024,24,,,
87.0,O BEARMAN,BEA,bearman,Haas F1 Team,B6BABD,haas,Oliver,Bearman,Oliver Bearman,https://media.formula1.com/d_driver_fallback_image.png/content/dam/fom-website/drivers/O/OLIBEA01_Oliver_Bearman/olibea01.png.transform/1col/image.png,,20.0,,,,,,,,,,2025,1,,,
30.0,L LAWSON,LAW,lawson,Red Bull Racing,3671C6,red_bull,Liam,Lawson,Liam Lawson,https://media.formula1.com/d_driver_fallback_image.png/content/dam/fom-website/drivers/L/LIALAW01_Liam_Lawson/lialaw01.png.transform/1col/image.png,,20.0,,,0 days 00:01:32.174000,,,,,,,2025,2,,,
18.0,L STROLL,STR,stroll,Aston Martin,229971,aston_martin,Lance,Stroll,Lance Stroll,https://media.formula1.com/d_driver_fallback_image.png/content/dam/fom-website/drivers/L/LANSTR01_Lance_Stroll/lanstr01.png.transform/1col/image.png,,20.0,,,0 days 00:01:29.271000,,,,,,,2025,3,,,
87.0,O BEARMAN,BEA,bearman,Haas F1 Team,B6BABD,haas,Oliver,Bearman,Oliver Bearman,https://media.formula1.com/d_driver_fallback_image.png/content/dam/fom-website/drivers/O/OLIBEA01_Oliver_Bearman/olibea01.png.transform/1col/image.png,,20.0,,,0 days 00:01:32.373000,,,,,,,2025,4,,,
5.0,G BORTOLETO,BOR,bortoleto,Kick Sauber,52E252,sauber,Gabriel,Bortoleto,Gabriel Bortoleto,https://media.formula1.com/d_driver_fallback_image.png/content/dam/fom-website/drivers/G/GABBOR01_Gabriel_Bortoleto/gabbor01.png.transform/1col/image.png,,20.0,,,0 days 00:01:29.462000,,,,,,,2025,5,,,
87.0,O BEARMAN,BEA,bearman,Haas F1 Team,B6BABD,haas,Oliver,Bearman,Oliver Bearman,https://media.formula1.com/d_driver_fallback_image.png/content/dam/fom-website/drivers/O/OLIBEA01_Oliver_Bearman/olibea01.png.transform/1col/image.png,,20.0,,,0 days 00:01:27.999000,,,,,,,2025,6,,,
22.0,Y TSUNODA,TSU,tsunoda,Red Bull Racing,3671C6,red_bull,Yuki,Tsunoda,Yuki Tsunoda,https://media.formula1.com/d_driver_fallback_image.png/content/dam/fom-website/drivers/Y/YUKTSU01_Yuki_Tsunoda/yuktsu01.png.transform/1col/image.png,,20.0,,,,,,,,,,2025,7,,,
43.0,F COLAPINTO,COL,colapinto,Alpine,00A1E8,alpine,Franco,Colapinto,Franco Colapinto,,,20.0,,,0 days 00:01:12.597000,,,,,,,2025,8,,,
22.0,Y TSUNODA,TSU,tsunoda,Red Bull Racing,4781D7,red_bull,Yuki,Tsunoda,Yuki Tsunoda,https://media.formula1.com/d_driver_fallback_image.png/content/dam/fom-website/drivers/Y/YUKTSU01_Yuki_Tsunoda/yuktsu01.png.transform/1col/image.png,,20.0,,,0 days 00:01:13.385000,,,,,,,2025,9,,,
10.0,P GASLY,GAS,gasly,Alpine,00A1E8,alpine,Pierre,Gasly,Pierre Gasly,https://media.formula1.com/d_driver_fallback_image.png/content/dam/fom-website/drivers/P/PIEGAS01_Pierre_Gasly/piegas01.png.transform/1col/image.png,,20.0,,,0 days 00:01:12.667000,,,,,,,2025,10,,,
27.0,N HULKENBERG,HUL,hulkenberg,Kick Sauber,01C00E,sauber,Nico,Hulkenberg,Nico Hulkenberg,https://media.formula1.com/d_driver_fallback_image.png/content/dam/fom-website/drivers/N/NICHUL01_Nico_Hulkenberg/nichul01.png.transform/1col/image.png,,20.0,,,0 days 00:01:05.606000,,,,,,,2025,11,,,
43.0,F COLAPINTO,COL,colapinto,Alpine,00A1E8,alpine,Franco,Colapinto,Franco Colapinto,,,20.0,,,0 days 00:01:27.060000,,,,,,,2025,12,,,
18.0,L STROLL,STR,stroll,Aston Martin,229971,aston_martin,Lance,Stroll,Lance Stroll,https://media.formula1.com/d_driver_fallback_image.png/content/dam/fom-website/drivers/L/LANSTR01_Lance_Stroll/lanstr01.png.transform/1col/image.png,,20.0,,,0 days 00:01:42.502000,,,,,,,2025,13,,,
23.0,A ALBON,ALB,albon,Williams,1868DB,williams,Alexander,Albon,Alexander Albon,https://media.formula1.com/d_driver_fallback_image.png/content/dam/fom-website/drivers/A/ALEALB01_Alexander_Albon/alealb01.png.transform/1col/image.png,,20.0,,,0 days 00:01:16.223000,,,,,,,2025,14,,,
18.0,L STROLL,STR,stroll,Aston Martin,229971,aston_martin,Lance,Stroll,Lance Stroll,https://media.formula1.com/d_driver_fallback_image.png/content/dam/fom-website/drivers/L/LANSTR01_Lance_Stroll/lanstr01.png.transform/1col/image.png,,20.0,,,,,,,,,,2025,15,,,
30.0,L LAWSON,LAW,lawson,Racing Bulls,6C98FF,rb,Liam,Lawson,Liam Lawson,https://media.formula1.com/d_driver_fallback_image.png/content/dam/fom-website/drivers/L/LIALAW01_Liam_Lawson/lialaw01.png.transform/1col/image.png,,20.0,,,0 days 00:01:20.279000,,,,,,,2025,16,,,
31.0,E OCON,OCO,ocon,Haas F1 Team,9C9FA2,haas,Esteban,Ocon,Esteban Ocon,https://media.formula1.com/d_driver_fallback_image.png/content/dam/fom-website/drivers/E/ESTOCO01_Esteban_Ocon/estoco01.png.transform/1col/image.png,,20.0,,,,,,,,,,2025,17,,,
55.0,C SAINZ,SAI,sainz,Williams,1868DB,williams,Carlos,Sainz,Carlos Sainz,https://media.formula1.com/d_driver_fallback_image.png/content/dam/fom-website/drivers/C/CARSAI01_Carlos_Sainz/carsai01.png.transform/1col/image.png,,20.0,,,,,,,,,,2025,18,,,
6.0,I HADJAR,HAD,hadjar,Racing Bulls,6C98FF,rb,Isack,Hadjar,Isack Hadjar,https://media.formula1.com/d_driver_fallback_image.png/content/dam/fom-website/drivers/I/ISAHAD01_Isack_Hadjar/isahad01.png.transform/1col/image.png,,20.0,,,,,,,,,,2025,19,,,
43.0,F COLAPINTO,COL,colapinto,Alpine,00A1E8,alpine,Franco,Colapinto,Franco Colapinto,,,20.0,,,0 days 00:01:17.670000,,,,,,,2025,20,,,
,,NOR,,,,,,,,,,1.0,,,0 days 00:01:16.899000,0 days 00:01:16.252000,0 days 00:01:15.586000,,,,,2025,20,Mexico City Grand Prix,nor,NOR
,,LEC,,,,,,,,,,2.0,,,0 days 00:01:17.024000,0 days 00:01:16.658000,0 days 00:01:15.848000,,,,,2025,20,Mexico City Grand Prix,lec,LEC
,,HAM,,,,,,,,,,3.0,,,0 days 00:01:16.736000,0 days 00:01:16.458000,0 days 00:01:15.938000,,,,,2025,20,Mexico City Grand Prix,ham,HAM
,,RUS,,,,,,,,,,4.0,,,0 days 00:01:16.895000,0 days 00:01:16.537000,0 days 00:01:16.034000,,,,,2025,20,Mexico City Grand Prix,rus,RUS
,,VER,,,,,,,,,,5.0,,,0 days 00:01:17.076000,0 days 00:01:16.605000,0 days 00:01:16.070000,,,,,2025,20,Mexico City Grand Prix,ver,VER
,,ANT,,,,,,,,,,6.0,,,0 days 00:01:17.291000,0 days 00:01:16.773000,0 days 00:01:16.118000,,,,,2025,20,Mexico City Grand Prix,ant,ANT
,,SAI,,,,,,,,,,7.0,,,0 days 00:01:17.171000,0 days 00:01:16.607000,0 days 00:01:16.172000,,,,,2025,20,Mexico City Grand Prix,sai,SAI
,,PIA,,,,,,,,,,8.0,,,0 days 00:01:17.158000,0 days 00:01:16.737000,0 days 00:01:16.174000,,,,,2025,20,Mexico City Grand Prix,pia,PIA
,,HAD,,,,,,,,,,9.0,,,0 days 00:01:16.733000,0 days 00:01:16.804000,0 days 00:01:16.252000,,,,,2025,20,Mexico City Grand Prix,had,HAD
,,BEA,,,,,,,,,,10.0,,,0 days 00:01:17.040000,0 days 00:01:16.787000,0 days 00:01:16.460000,,,,,2025,20,Mexico City Grand Prix,bea,BEA
,,TSU,,,,,,,,,,11.0,,,0 days 00:01:17.234000,0 days 00:01:16.816000,,,,,,2025,20,Mexico City Grand Prix,tsu,TSU
,,OCO,,,,,,,,,,12.0,,,0 days 00:01:16.948000,0 days 00:01:16.837000,,,,,,2025,20,Mexico City Grand Prix,oco,OCO
,,HUL,,,,,,,,,,13.0,,,0 days 00:01:17.251000,0 days 00:01:17.016000,,,,,,2025,20,Mexico City Grand Prix,hul,HUL
,,ALO,,,,,,,,,,14.0,,,0 days 00:01:17.232000,0 days 00:01:17.103000,,,,,,2025,20,Mexico City Grand Prix,alo,ALO
,,LAW,,,,,,,,,,15.0,,,0 days 00:01:16.961000,0 days 00:01:18.072000,,,,,,2025,20,Mexico City Grand Prix,law,LAW
,,BOR,,,,,,,,,,16.0,,,0 days 00:01:17.412000,,,,,,,2025,20,Mexico City Grand Prix,bor,BOR
,,ALB,,,,,,,,,,17.0,,,0 days 00:01:17.490000,,,,,,,2025,20,Mexico City Grand Prix,alb,ALB
,,GAS,,,,,,,,,,18.0,,,0 days 00:01:17.546000,,,,,,,2025,20,Mexico City Grand Prix,gas,GAS
,,STR,,,,,,,,,,19.0,,,0 days 00:01:17.606000,,,,,,,2025,20,Mexico City Grand Prix,str,STR
,,COL,,,,,,,,,,20.0,,,0 days 00:01:17.670000,,,,,,,2025,20,Mexico City Grand Prix,col,COL
,,NOR,,,,,,,,,,1.0,,,0 days 00:01:09.656000,0 days 00:01:09.616000,0 days 00:01:09.511000,,,,,2025,21,São Paulo Grand Prix,nor,NOR
,,ANT,,,,,,,,,,2.0,,,0 days 00:01:10.192000,0 days 00:01:09.774000,0 days 00:01:09.685000,,,,,2025,21,São Paulo Grand Prix,ant,ANT
,,LEC,,,,,,,,,,3.0,,,0 days 00:01:09.934000,0 days 00:01:09.801000,0 days 00:01:09.805000,,,,,2025,21,São Paulo Grand Prix,lec,LEC
,,PIA,,,,,,,,,,4.0,,,0 days 00:01:09.928000,0 days 00:01:09.835000,0 days 00:01:09.886000,,,,,2025,21,São Paulo Grand Prix,pia,PIA
,,HAD,,,,,,,,,,5.0,,,0 days 00:01:10.083000,0 days 00:01:09.970000,0 days 00:01:09.931000,,,,,2025,21,São Paulo Grand Prix,had,HAD
,,RUS,,,,,,,,,,6.0,,,0 days 00:01:09.935000,0 days 00:01:09.880000,0 days 00:01:09.942000,,,,,2025,21,São Paulo Grand Prix,rus,RUS
,,LAW,,,,,,,,,,7.0,,,0 days 00:01:10.108000,0 days 00:01:09.950000,0 days 00:01:09.962000,,,,,2025,21,São Paulo Grand Prix,law,LAW
,,BEA,,,,,,,,,,8.0,,,0 days 00:01:09.891000,0 days 00:01:09.755000,0 days 00:01:09.977000,,,,,2025,21,São Paulo Grand Prix,bea,BEA
,,GAS,,,,,,,,,,9.0,,,0 days 00:01:09.885000,0 days 00:01:09.857000,0 days 00:01:10.002000,,,,,2025,21,São Paulo Grand Prix,gas,GAS
,,HUL,,,,,,,,,,10.0,,,0 days 00:01:10.337000,0 days 00:01:09.985000,0 days 00:01:10.039000,,,,,2025,21,São Paulo Grand Prix,hul,HUL
,,ALO,,,,,,,,,,11.0,,,0 days 00:01:10.181000,0 days 00:01:10.001000,,,,,,2025,21,São Paulo Grand Prix,alo,ALO
,,ALB,,,,,,,,,,12.0,,,0 days 00:01:10.115000,0 days 00:01:10.053000,,,,,,2025,21,São Paulo Grand Prix,alb,ALB
,,HAM,,,,,,,,,,13.0,,,0 days 00:01:10.016000,0 days 00:01:10.100000,,,,,,2025,21,São Paulo Grand Prix,ham,HAM
,,STR,,,,,,,,,,14.0,,,0 days 00:01:10.041000,0 days 00:01:10.161000,,,,,,2025,21,São Paulo Grand Prix,str,STR
,,SAI,,,,,,,,,,15.0,,,0 days 00:01:10.184000,0 days 00:01:10.472000,,,,,,2025,21,São Paulo Grand Prix,sai,SAI
,,VER,,,,,,,,,,16.0,,,0 days 00:01:10.403000,,,,,,,2025,21,São Paulo Grand Prix,ver,VER
,,OCO,,,,,,,,,,17.0,,,0 days 00:01:10.438000,,,,,,,2025,21,São Paulo Grand Prix,oco,OCO
,,COL,,,,,,,,,,18.0,,,0 days 00:01:10.632000,,,,,,,2025,21,São Paulo Grand Prix,col,COL
,,TSU,,,,,,,,,,19.0,,,0 days 00:01:10.711000,,,,,,,2025,21,São Paulo Grand Prix,tsu,TSU
,,BOR,,,,,,,,,,20.0,,,,,,,,,,2025,21,São Paulo Grand Prix,bor,BOR
,,NOR,,,,,,,,,,1.0,,,0 days 00:01:55.473000,0 days 00:01:51.379000,0 days 00:01:47.934000,,,,,2025,22,Las Vegas Grand Prix,nor,NOR
,,VER,,,,,,,,,,2.0,,,0 days 00:01:53.458000,0 days 00:01:51.593000,0 days 00:01:48.257000,,,,,2025,22,Las Vegas Grand Prix,ver,VER
,,SAI,,,,,,,,,,3.0,,,0 days 00:01:54.873000,0 days 00:01:51.144000,0 days 00:01:48.296000,,,,,2025,22,Las Vegas Grand Prix,sai,SAI
,,RUS,,,,,,,,,,4.0,,,0 days 00:01:53.144000,0 days 00:01:50.935000,0 days 00:01:48.803000,,,,,2025,22,Las Vegas Grand Prix,rus,RUS
,,PIA,,,,,,,,,,5.0,,,0 days 00:01:54.544000,0 days 00:01:52.126000,0 days 00:01:48.961000,,,,,2025,22,Las Vegas Grand Prix,pia,PIA
,,LAW,,,,,,,,,,6.0,,,0 days 00:01:54.828000,0 days 00:01:51.621000,0 days 00:01:49.062000,,,,,2025,22,Las Vegas Grand Prix,law,LAW
,,ALO,,,,,,,,,,7.0,,,0 days 00:01:53.739000,0 days 00:01:51.865000,0 days 00:01:49.466000,,,,,2025,22,Las Vegas Grand Prix,alo,ALO
,,HAD,,,,,,,,,,8.0,,,0 days 00:01:55.613000,0 days 00:01:51.120000,0 days 00:01:49.554000,,,,,2025,22,Las Vegas Grand Prix,had,HAD
,,LEC,,,,,,,,,,9.0,,,0 days 00:01:54.814000,0 days 00:01:51.952000,0 days 00:01:49.872000,,,,,2025,22,Las Vegas Grand Prix,lec,LEC
,,GAS,,,,,,,,,,10.0,,,0 days 00:01:54.432000,0 days 00:01:51.760000,0 days 00:01:51.540000,,,,,2025,22,Las Vegas Grand Prix,gas,GAS
,,HUL,,,,,,,,,,11.0,,,0 days 00:01:54.555000,0 days 00:01:52.781000,,,,,,2025,22,Las Vegas Grand Prix,hul,HUL
,,STR,,,,,,,,,,12.0,,,0 days 00:01:54.416000,0 days 00:01:52.850000,,,,,,2025,22,Las Vegas Grand Prix,str,STR
,,OCO,,,,,,,,,,13.0,,,0 days 00:01:54.635000,0 days 00:01:52.987000,,,,,,2025,22,Las Vegas Grand Prix,oco,OCO
,,BEA,,,,,,,,,,14.0,,,0 days 00:01:56.016000,0 days 00:01:53.094000,,,,,,2025,22,Las Vegas Grand Prix,bea,BEA
,,COL,,,,,,,,,,15.0,,,0 days 00:01:54.847000,0 days 00:01:53.683000,,,,,,2025,22,Las Vegas Grand Prix,col,COL
,,ALB,,,,,,,,,,16.0,,,0 days 00:01:56.220000,,,,,,,2025,22,Las Vegas Grand Prix,alb,ALB
,,ANT,,,,,,,,,,17.0,,,0 days 00:01:56.314000,,,,,,,2025,22,Las Vegas Grand Prix,ant,ANT
,,BOR,,,,,,,,,,18.0,,,0 days 00:01:56.674000,,,,,,,2025,22,Las Vegas Grand Prix,bor,BOR
,,TSU,,,,,,,,,,19.0,,,0 days 00:01:56.798000,,,,,,,2025,22,Las Vegas Grand Prix,tsu,TSU
,,HAM,,,,,,,,,,20.0,,,0 days 00:01:57.115000,,,,,,,2025,22,Las Vegas Grand Prix,ham,HAM
,,PIA,,,,,,,,,,1.0,,,0 days 00:01:20.234000,0 days 00:01:19.650000,0 days 00:01:19.387000,,,,,2025,23,Qatar Grand Prix,pia,PIA
,,NOR,,,,,,,,,,2.0,,,0 days 00:01:20.157000,0 days 00:01:19.861000,0 days 00:01:19.495000,,,,,2025,23,Qatar Grand Prix,nor,NOR
,,VER,,,,,,,,,,3.0,,,0 days 00:01:20.472000,0 days 00:01:19.985000,0 days 00:01:19.651000,,,,,2025,23,Qatar Grand Prix,ver,VER
,,RUS,,,,,,,,,,4.0,,,0 days 00:01:20.074000,0 days 00:01:20.186000,0 days 00:01:19.662000,,,,,2025,23,Qatar Grand Prix,rus,RUS
,,ANT,,,,,,,,,,5.0,,,0 days 00:01:20.576000,0 days 00:01:20.084000,0 days 00:01:19.846000,,,,,2025,23,Qatar Grand Prix,ant,ANT
,,HAD,,,,,,,,,,6.0,,,0 days 00:01:20.603000,0 days 00:01:20.350000,0 days 00:01:20.114000,,,,,2025,23,Qatar Grand Prix,had,HAD
,,SAI,,,,,,,,,,7.0,,,0 days 00:01:20.520000,0 days 00:01:20.251000,0 days 00:01:20.287000,,,,,2025,23,Qatar Grand Prix,sai,SAI
,,ALO,,,,,,,,,,8.0,,,0 days 00:01:20.598000,0 days 00:01:20.219000,0 days 00:01:20.418000,,,,,2025,23,Qatar Grand Prix,alo,ALO
,,GAS,,,,,,,,,,9.0,,,0 days 00:01:20.681000,0 days 00:01:20.324000,0 days 00:01:20.477000,,,,,2025,23,Qatar Grand Prix,gas,GAS
,,LEC,,,,,,,,,,10.0,,,0 days 00:01:20.564000,0 days 00:01:20.343000,0 days 00:01:20.561000,,,,,2025,23,Qatar Grand Prix,lec,LEC
,,HUL,,,,,,,,,,11.0,,,0 days 00:01:20.630000,0 days 00:01:20.353000,,,,,,2025,23,Qatar Grand Prix,hul,HUL
,,LAW,,,,,,,,,,12.0,,,0 days 00:01:20.539000,0 days 00:01:20.433000,,,,,,2025,23,Qatar Grand Prix,law,LAW
,,BEA,,,,,,,,,,13.0,,,0 days 00:01:20.548000,0 days 00:01:20.438000,,,,,,2025,23,Qatar Grand Prix,bea,BEA
,,BOR,,,,,,,,,,14.0,,,0 days 00:01:20.653000,0 days 00:01:20.534000,,,,,,2025,23,Qatar Grand Prix,bor,BOR
,,ALB,,,,,,,,,,15.0,,,0 days 00:01:20.629000,0 days 00:01:20.629000,,,,,,2025,23,Qatar Grand Prix,alb,ALB
,,TSU,,,,,,,,,,16.0,,,0 days 00:01:20.761000,,,,,,,2025,23,Qatar Grand Prix,tsu,TSU
,,OCO,,,,,,,,,,17.0,,,0 days 00:01:20.864000,,,,,,,2025,23,Qatar Grand Prix,oco,OCO
,,HAM,,,,,,,,,,18.0,,,0 days 00:01:20.907000,,,,,,,2025,23,Qatar Grand Prix,ham,HAM
,,STR,,,,,,,,,,19.0,,,0 days 00:01:21.058000,,,,,,,2025,23,Qatar Grand Prix,str,STR
,,COL,,,,,,,,,,20.0,,,0 days 00:01:21.137000,,,,,,,2025,23,Qatar Grand Prix,col,COL
,,VER,,,,,,,,,,1.0,,,0 days 00:01:22.877000,0 days 00:01:22.752000,0 days 00:01:22.207000,,,,,2025,24,Abu Dhabi Grand Prix,ver,VER
,,NOR,,,,,,,,,,2.0,,,0 days 00:01:23.178000,0 days 00:01:22.804000,0 days 00:01:22.408000,,,,,2025,24,Abu Dhabi Grand Prix,nor,NOR
,,PIA,,,,,,,,,,3.0,,,0 days 00:01:22.605000,0 days 00:01:23.021000,0 days 00:01:22.437000,,,,,2025,24,Abu Dhabi Grand Prix,pia,PIA
,,RUS,,,,,,,,,,4.0,,,0 days 00:01:23.247000,0 days 00:01:22.730000,0 days 00:01:22.645000,,,,,2025,24,Abu Dhabi Grand Prix,rus,RUS
,,LEC,,,,,,,,,,5.0,,,0 days 00:01:23.163000,0 days 00:01:22.948000,0 days 00:01:22.730000,,,,,2025,24,Abu Dhabi Grand Prix,lec,LEC
,,ALO,,,,,,,,,,6.0,,,0 days 00:01:23.071000,0 days 00:01:22.861000,0 days 00:01:22.902000,,,,,2025,24,Abu Dhabi Grand Prix,alo,ALO
,,BOR,,,,,,,,,,7.0,,,0 days 00:01:23.374000,0 days 00:01:22.874000,0 days 00:01:22.904000,,,,,2025,24,Abu Dhabi Grand Prix,bor,BOR
,,OCO,,,,,,,,,,8.0,,,0 days 00:01:23.334000,0 days 00:01:23.023000,0 days 00:01:22.913000,,,,,2025,24,Abu Dhabi Grand Prix,oco,OCO
,,HAD,,,,,,,,,,9.0,,,0 days 00:01:23.373000,0 days 00:01:22.997000,0 days 00:01:23.072000,,,,,2025,24,Abu Dhabi Grand Prix,had,HAD
,,TSU,,,,,,,,,,10.0,,,0 days 00:01:23.386000,0 days 00:01:23.034000,,,,,,2025,24,Abu Dhabi Grand Prix,tsu,TSU
,,BEA,,,,,,,,,,11.0,,,0 days 00:01:23.254000,0 days 00:01:23.041000,,,,,,2025,24,Abu Dhabi Grand Prix,bea,BEA
,,SAI,,,,,,,,,,12.0,,,0 days 00:01:23.187000,0 days 00:01:23.042000,,,,,,2025,24,Abu Dhabi Grand Prix,sai,SAI
,,LAW,,,,,,,,,,13.0,,,0 days 00:01:23.265000,0 days 00:01:23.077000,,,,,,2025,24,Abu Dhabi Grand Prix,law,LAW
,,ANT,,,,,,,,,,14.0,,,0 days 00:01:22.894000,0 days 00:01:23.080000,,,,,,2025,24,Abu Dhabi Grand Prix,ant,ANT
,,STR,,,,,,,,,,15.0,,,0 days 00:01:23.316000,0 days 00:01:23.097000,,,,,,2025,24,Abu Dhabi Grand Prix,str,STR
,,HAM,,,,,,,,,,16.0,,,0 days 00:01:23.394000,,,,,,,2025,24,Abu Dhabi Grand Prix,ham,HAM
,,ALB,,,,,,,,,,17.0,,,0 days 00:01:23.416000,,,,,,,2025,24,Abu Dhabi Grand Prix,alb,ALB
,,HUL,,,,,,,,,,18.0,,,0 days 00:01:23.450000,,,,,,,2025,24,Abu Dhabi Grand Prix,hul,HUL
,,GAS,,,,,,,,,,19.0,,,0 days 00:01:23.468000,,,,,,,2025,24,Abu Dhabi Grand Prix,gas,GAS
,,COL,,,,,,,,,,20.0,,,0 days 00:01:23.890000,,,,,,,2025,24,Abu Dhabi Grand Prix,col,COL
